{"cameraMode":{"drawMode":0,"name":"Shaded","section":"Shading Mode"},"sceneLighting":false,"audioPlay":false,"sceneViewState":{"m_AlwaysRefresh":false,"showFog":true,"showSkybox":false,"showFlares":true,"showImageEffects":true,"showParticleSystems":true,"showVisualEffectGraphs":true,"m_FxEnabled":true},"in2DMode":false,"pivot":{"x":-0.6401971578598023,"y":2.168358325958252,"z":-2.1060996055603029},"rotation":{"x":0.22616684436798097,"y":0.11682599037885666,"z":-0.027353014796972276,"w":0.9667701125144959},"size":0.9260939359664917,"orthographic":false}