{"cameraMode":{"drawMode":0,"name":"Shaded","section":"Shading Mode"},"sceneLighting":false,"audioPlay":false,"sceneViewState":{"m_AlwaysRefresh":false,"showFog":true,"showSkybox":false,"showFlares":true,"showImageEffects":true,"showParticleSystems":true,"showVisualEffectGraphs":true,"m_FxEnabled":true},"in2DMode":false,"pivot":{"x":-2.6195080280303957,"y":1.8523513078689576,"z":10.184959411621094},"rotation":{"x":-0.0018435688689351082,"y":0.9638137817382813,"z":-0.2673718333244324,"w":-0.005912627559155226},"size":0.22080102562904359,"orthographic":false}