{"cameraMode":{"drawMode":0,"name":"Shaded","section":"Shading Mode"},"sceneLighting":false,"audioPlay":false,"sceneViewState":{"m_AlwaysRefresh":false,"showFog":true,"showSkybox":false,"showFlares":true,"showImageEffects":true,"showParticleSystems":true,"showVisualEffectGraphs":true,"m_FxEnabled":true},"in2DMode":false,"pivot":{"x":-0.3339638113975525,"y":-0.013026319444179535,"z":1.5949656963348389},"rotation":{"x":-0.160419762134552,"y":-0.6068992018699646,"z":0.12662266194820405,"w":-0.7681353688240051},"size":1.2700695991516114,"orthographic":false}